---,Name,Type
1,"Thompson","Noun"
2,"Whitehead","Noun"
3,"Johnson","Noun"
4,"Pemberton","Noun"
5,"Halworsen","Noun"
6,"Teixiera","Noun"
7,"Whittier","Noun"
8,"Dimeling","Noun"
9,"Blaine","Noun"
10,"Dennis","Noun"
11,"Adams","Noun"
12,"Rader","Noun"
13,"Murray","Noun"
14,"Millhouse","Noun"
15,"Ludwig","Noun"
16,"Burris","Noun"
17,"Shupe","Noun"
18,"Mary","Noun"
19,"Zadovsky","Noun"
20,"Philips","Noun"
21,"Wise","Noun"
22,"Gronko","Noun"
23,"Jardine","Noun"
24,"Black","Noun"
25,"Mitchell","Noun"
26,"Enderly","Noun"
27,"Stall","Noun"
28,"Harrow","Noun"
29,"Atweeke","Noun"
30,"Sealis","Noun"
31,"Conrad","Noun"
32,"Lucy","Noun"
33,"Stewart","Noun"
34,"Green","Noun"
35,"Feufer","Noun"
36,"Warren","Noun"
37,"Campbell","Noun"
38,"Shafer","Noun"
39,"Woodworth","Noun"
40,"Magor","Noun"
41,"Logue","Noun"
42,"Reichard","Noun"
43,"Day","Noun"
44,"Dugmore","Noun"
45,"Murray","Noun"
46,"Greenawalt","Noun"
47,"Jyllian","Noun"
48,"Osterwise","Noun"
49,"Styles","Noun"
50,"Cavalet","Noun"
51,"Garneys","Noun"
52,"Raub","Noun"
53,"Sholl","Noun"
54,"Chauvin","Noun"
55,"Poley","Noun"
56,"Todd","Noun"
57,"Brandenburg","Noun"
58,"Baer","Noun"
59,"Pritchard","Noun"
60,"Pinney","Noun"
61,"Kadel","Noun"
62,"Anderson","Noun"
63,"Clarke","Noun"
64,"Hunt","Noun"
65,"Gadow","Noun"
66,"Stough","Noun"
67,"Marcotte","Noun"
68,"Brooks","Noun"
69,"Watson","Noun"
70,"Nash","Noun"
71,"Sheets","Noun"
72,"Ashbaugh","Noun"
73,"Zimmer","Noun"
74,"Noton","Noun"
75,"Dean","Noun"
76,"Fleming","Noun"
77,"Draudy","Noun"
78,"Bluetenberger","Noun"
79,"Fischer","Noun"
80,"Hawkins","Noun"
81,"Poehl","Noun"
82,"Addison","Noun"
83,"Mcintosh","Noun"
84,"Keppel","Noun"
85,"Kimple","Noun"
86,"Alice","Noun"
87,"Stone","Noun"
88,"Fiscina","Noun"
89,"Leichter","Noun"
90,"Wile","Noun"
91,"Callison","Noun"
92,"Cowper","Noun"
93,"Harrold","Noun"
94,"Carr","Noun"
95,"Eckhardstein","Noun"
96,"Wilkerson","Noun"
97,"Shirey","Noun"
98,"Benford","Noun"
99,"Reade","Noun"
100,"Baskett","Noun"
101,"Seidner","Noun"
102,"Gettemy","Noun"
103,"Joyce","Noun"
104,"Judge","Noun"
105,"Burkett","Noun"
106,"Kiefer","Noun"
107,"Carmichael","Noun"
108,"Hirleman","Noun"
109,"Wells","Noun"
110,"Isemann","Noun"
111,"Cressman","Noun"
112,"Highlands","Noun"
113,"Briggs","Noun"
114,"Rowley","Noun"
115,"Coldsmith","Noun"
116,"Berkheimer","Noun"
117,"Hill","Noun"
118,"Maclagan","Noun"
119,"Mcfall","Noun"
120,"Mens","Noun"
121,"Braun","Noun"
122,"James","Noun"
123,"Sloan","Noun"
124,"Bould","Noun"
125,"Overstreet","Noun"
126,"Kanaga","Noun"
127,"Polson","Noun"
128,"Finlay","Noun"
129,"Sandys","Noun"
130,"Bousum","Noun"
131,"Howard","Noun"
132,"Treeby","Noun"
133,"Stainforth","Noun"
134,"Werner","Noun"
135,"Sulyard","Noun"
136,"Marriman","Noun"
137,"Weinstein","Noun"
138,"Butterfill","Noun"
139,"Mason","Noun"
140,"Coates","Noun"
141,"Peters","Noun"
142,"Gregory","Noun"
143,"Wilo","Noun"
144,"Edwards","Noun"
145,"Barnes","Noun"
146,"Harding","Noun"
147,"Tireman","Noun"
148,"Lombardi","Noun"
149,"Roberts","Noun"
150,"Faqua","Noun"
151,"Basmanoff","Noun"
152,"Mccune","Noun"
153,"Mckendrick","Noun"
154,"Oppenheimer","Noun"
155,"Oneal","Noun"
156,"Focell","Noun"
157,"Tedrow","Noun"
158,"Fields","Noun"
159,"Ryals","Noun"
160,"Best","Noun"
161,"Zaun","Noun"
162,"Knapp","Noun"
163,"Linton","Noun"
164,"Jackson","Noun"
165,"Bullard","Noun"
166,"Mcloskey","Noun"
167,"Zoucks","Noun"
168,"Heckendora","Noun"
169,"Hoenshell","Noun"
170,"Woollard","Noun"
171,"Mueller","Noun"
172,"Burns","Noun"
173,"Franks","Noun"
174,"Goodman","Noun"
175,"Stern","Noun"
176,"Robinson","Noun"
177,"Hooker","Noun"
178,"David","Noun"
179,"Fitzgerald","Noun"
180,"Vanleer","Noun"
181,"Beach","Noun"
182,"Flickinger","Noun"
183,"Metzer","Noun"
184,"Bynum","Noun"
185,"Stafford","Noun"
186,"Osteen","Noun"
187,"Paynter","Noun"
188,"Thomlinson","Noun"
189,"Simmons","Noun"
190,"Basinger","Noun"
191,"Fisher","Noun"
192,"Bunten","Noun"
193,"Compton","Noun"
194,"Archibald","Noun"
195,"Catherina","Noun"
196,"Rahl","Noun"
197,"Bowchiew","Noun"
198,"Tennant","Noun"
199,"Mccullough","Noun"
200,"Margaret","Noun"
201,"Schaeffer","Noun"
202,"Sommer","Noun"
203,"Beail","Noun"
204,"Merryman","Noun"
205,"Knapenberger","Noun"
206,"Patterson","Noun"
207,"Houston","Noun"
208,"Lacon","Noun"
209,"Levett","Noun"
210,"Sullivan","Noun"
211,"Sidower","Noun"
212,"Laborde","Noun"
213,"Stroh","Noun"
214,"Hice","Noun"
215,"Biery","Noun"
216,"Christman","Noun"
217,"Staymates","Noun"
218,"Sauter","Noun"
219,"Snyder","Noun"
220,"Bratton","Noun"
221,"Sybilla","Noun"
222,"Altmann","Noun"
223,"Mathews","Noun"
224,"Newbern","Noun"
225,"Baker","Noun"
226,"Kemble","Noun"
227,"Mingle","Noun"
228,"Unk","Noun"
229,"Otis","Noun"
230,"Quinn","Noun"
231,"Bell","Noun"
232,"Roberts","Noun"
233,"Wood","Noun"
234,"Ullman","Noun"
235,"Bicknell","Noun"
236,"Gibson","Noun"
237,"Rohtin","Noun"
238,"James","Noun"
239,"Wallick","Noun"
240,"Eggbert","Noun"
241,"Losey","Noun"
242,"Neely","Noun"
243,"Catleay","Noun"
244,"McDonald","Noun"
245,"Beedell","Noun"
246,"Williamson","Noun"
247,"Bennett","Noun"
248,"Potter","Noun"
249,"Caldwell","Noun"
250,"Lowe","Noun"
251,"Durstine","Noun"
252,"King","Noun"
253,"Gardner","Noun"
254,"Ulery","Noun"
255,"Rifler","Noun"
256,"Trovato","Noun"
257,"Thomas","Noun"
258,"Nehling","Noun"
259,"Baum","Noun"
260,"Werry","Noun"
261,"Mcmullen","Noun"
262,"Koster","Noun"
263,"Willey","Noun"
264,"Mildred","Noun"
265,"Straub","Noun"
266,"Haynes","Noun"
267,"Baxter","Noun"
268,"Ackerley","Noun"
269,"Greene","Noun"
270,"Atkinson","Noun"
271,"Davis","Noun"
272,"Weeter","Noun"
273,"Milne","Noun"
274,"Leech","Noun"
275,"Clewett","Noun"
276,"Ewing","Noun"
277,"Hook","Noun"
278,"Reighner","Noun"
279,"Welty","Noun"
280,"Jenkins","Noun"
281,"Bennett","Noun"
282,"Swarner","Noun"
283,"Hawker","Noun"
284,"Agg","Noun"
285,"Batten","Noun"
286,"Cherry","Noun"
287,"Shaffer","Noun"
288,"Yeskey","Noun"
289,"Stephenson","Noun"
290,"Pycroft","Noun"
291,"Larson","Noun"
292,"Joghs","Noun"
293,"Keener","Noun"
294,"Christopher","Noun"
295,"Roadman","Noun"
296,"Echard","Noun"
297,"Priebe","Noun"
298,"Auman","Noun"
299,"Kemerer","Noun"
300,"Sutton","Noun"
301,"Prechtl","Noun"
302,"Cowart","Noun"
303,"Ringer","Noun"
304,"Garratt","Noun"
305,"Siegrist","Noun"
306,"Seelig","Noun"
307,"Lafortune","Noun"
308,"Dryfus","Noun"
309,"Isaman","Noun"
310,"Teagarden","Noun"
311,"Evans","Noun"
312,"Wolfe","Noun"
313,"Fiddler","Noun"
314,"Jowers","Noun"
315,"Aultman","Noun"
316,"Olphert","Noun"
317,"Howe","Noun"
318,"Leslie","Noun"
319,"Stocker","Noun"
320,"Bode","Noun"
321,"Whirlow","Noun"
322,"Ann","Noun"
323,"Mcclymonds","Noun"
324,"Guess","Noun"
325,"Taggart","Noun"
326,"Pratt","Noun"
327,"Moon","Noun"
328,"Huey","Noun"
329,"Hegarty","Noun"
330,"Meyers","Noun"
331,"Stahl","Noun"
332,"Nickolson","Noun"
333,"Mortland","Noun"
334,"Perkins","Noun"
335,"Thorley","Noun"
336,"Fuchs","Noun"
337,"Ray","Noun"
338,"Schrader","Noun"
339,"Kellogg","Noun"
340,"Woodward","Noun"
341,"Faust","Noun"
342,"Roby","Noun"
343,"Bashline","Noun"
344,"Cypret","Noun"
345,"Laurenzi","Noun"
346,"Minnie","Noun"
347,"Houser","Noun"
348,"Langston","Noun"
349,"Anderson","Noun"
350,"Barrett","Noun"
351,"Wible","Noun"
352,"Hujsak","Noun"
353,"Wardle","Noun"
354,"Pershing","Noun"
355,"Kuster","Noun"
356,"Driggers","Noun"
357,"Wheeler","Noun"
358,"Garland","Noun"
359,"Alliman","Noun"
360,"Hoover","Noun"
361,"Camp","Noun"
362,"Hall","Noun"
363,"Parkinson","Noun"
364,"Swabey","Noun"
365,"Mull","Noun"
366,"Cox","Noun"
367,"Hanford","Noun"
368,"Stange","Noun"
369,"Wolff","Noun"
370,"Jesse","Noun"
371,"Brinigh","Noun"
372,"Koepple","Noun"
373,"Schmidt","Noun"
374,"Muller","Noun"
375,"Schofield","Noun"
376,"Zalack","Noun"
377,"Pfeifer","Noun"
378,"Fea","Noun"
379,"Blackburn","Noun"
380,"Ward","Noun"
381,"Kifer","Noun"
382,"Costello","Noun"
383,"Donkin","Noun"
384,"Osterweis","Noun"
385,"Brindle","Noun"
386,"Llora","Noun"
387,"Duncan","Noun"
388,"Ehret","Noun"
389,"Fryer","Noun"
390,"Summy","Noun"
391,"Richards","Noun"
392,"Boyer","Noun"
393,"Hutton","Noun"
394,"Mosser","Noun"
395,"Lester","Noun"
396,"Stroble","Noun"
397,"Randolph","Noun"
398,"Lord","Noun"
399,"Scott","Noun"
400,"Nicholas","Noun"
401,"Smail","Noun"
402,"Ratcliff","Noun"
403,"Riggle","Noun"
404,"Newton","Noun"
405,"Sanders","Noun"
406,"Mitchell","Noun"
407,"Lauffer","Noun"
408,"Aggley","Noun"
409,"Moberly","Noun"
410,"Hynes","Noun"
411,"Pennington","Noun"
412,"Woolery","Noun"
413,"Hardie","Noun"
414,"Blessig","Noun"
415,"Tanner","Noun"
416,"Demuth","Noun"
417,"Fraser","Noun"
418,"Henry","Noun"
419,"Shick","Noun"
420,"Ironmonger","Noun"
421,"Scherer","Noun"
422,"Field","Noun"
423,"Prevatt","Noun"
424,"Earl","Noun"
425,"Paulson","Noun"
426,"Curry","Noun"
427,"Powers","Noun"
428,"Rosensteel","Noun"
429,"Hoopengarner","Noun"
430,"Weisgarber","Noun"
431,"Elliott","Noun"
432,"Pearsall","Noun"
433,"Lowstetter","Noun"
434,"Holdeman","Noun"
435,"Kepplinger","Noun"
436,"Bloise","Noun"
437,"Hunter","Noun"
438,"Glover","Noun"
439,"Hayhurst","Noun"
440,"Wentzel","Noun"
441,"Owens","Noun"
442,"Smith","Noun"
443,"Steele","Noun"
444,"Leach","Noun"
445,"Armstrong","Noun"
446,"Wheeler","Noun"
447,"Easter","Noun"
448,"Greenwood","Noun"
449,"Woodward","Noun"
450,"Pratt","Noun"
451,"Buzzard","Noun"
452,"Cox","Noun"
453,"Eliza","Noun"
454,"Rockwell","Noun"
455,"Zeal","Noun"
456,"Harshman","Noun"
457,"Northey","Noun"
458,"Tilton","Noun"
459,"Richter","Noun"
460,"Moore","Noun"
461,"Jerome","Noun"
462,"Hardy","Noun"
463,"Bickerson","Noun"
464,"White","Noun"
465,"Beck","Noun"
466,"Waldron","Noun"
467,"Fulton","Noun"
468,"Miller","Noun"
469,"Sandford","Noun"
470,"Hughes","Noun"
471,"Winton","Noun"
472,"Digson","Noun"
473,"Byers","Noun"
474,"Hincken","Noun"
475,"Shaner","Noun"
476,"Todd","Noun"
477,"Whiteman","Noun"
478,"Lineman","Noun"
479,"Albright","Noun"
480,"Hastings","Noun"
481,"Elderson","Noun"
482,"Garrison","Noun"
483,"Rose","Noun"
484,"Kelley","Noun"
485,"Quirin","Noun"
486,"Dickinson","Noun"
487,"Young","Noun"
488,"Ramos","Noun"
489,"Jewell","Noun"
490,"Endsley","Noun"
491,"Briner","Noun"
492,"Jenner","Noun"
493,"Saylor","Noun"
494,"Bash","Noun"
495,"Blyant","Noun"
496,"Rhinehart","Noun"
497,"Prescott","Noun"
498,"Kirkson","Noun"
499,"Stamos","Noun"
500,"Sagan","Noun"
501,"Hawking","Noun"
502,"Dawkins","Noun"
503,"McShain","Noun"
504,"McDonohugh","Noun"
505,"Power","Noun"
506,"Smith","Noun"
507,"Jones","Noun"
508,"Williams","Noun"
509,"Brown","Noun"
510,"Taylor","Noun"
511,"Davies","Noun"
512,"Wilson","Noun"
513,"Evans","Noun"
514,"Thomas","Noun"
515,"Roberts","Noun"
516,"Johnson","Noun"
517,"Walker","Noun"
518,"Wright","Noun"
519,"Robinson","Noun"
520,"Hughes","Noun"
521,"White","Noun"
522,"Edwards","Noun"
523,"Hall","Noun"
524,"Patel","Noun"
525,"Green","Noun"
526,"Martins","Noun"
527,"Lewis","Noun"
528,"Wood","Noun"
529,"Jackson","Noun"
530,"Clarke","Noun"
531,"Harris","Noun"
532,"Clark","Noun"
533,"Scott","Noun"
534,"Turner","Noun"
535,"Hill","Noun"
536,"Moore","Noun"
537,"Cooper","Noun"
538,"Morris","Noun"
539,"Ward","Noun"
540,"Watson","Noun"
541,"Morgan","Noun"
542,"Anderson","Noun"
543,"Harrison","Noun"
544,"King","Noun"
545,"Campbell","Noun"
546,"Young","Noun"
547,"Mitchell","Noun"
548,"Baker","Noun"
549,"James","Noun"
550,"Kelly","Noun"
551,"Allen","Noun"
552,"Bell","Noun"
553,"Phillips","Noun"
554,"Lee","Noun"
555,"Stewart","Noun"
556,"Miller","Noun"
557,"Parker","Noun"
558,"Simpson","Noun"
559,"Bennett","Noun"
560,"Davis","Noun"
561,"Griffiths","Noun"
562,"Shaw","Noun"
563,"Price","Noun"
564,"Cook","Noun"
565,"Richardson","Noun"
566,"Murray","Noun"
567,"Marshall","Noun"
568,"Begum","Noun"
569,"Murphy","Noun"
570,"Khan","Noun"
571,"Gray","Noun"
572,"Collins","Noun"
573,"Bailey","Noun"
574,"Carter","Noun"
575,"Robertson","Noun"
576,"Graham","Noun"
577,"Adams","Noun"
578,"Richards","Noun"
579,"Cox","Noun"
580,"Singh","Noun"
581,"Hussain","Noun"
582,"Ellis","Noun"
583,"Wilkinson","Noun"
584,"Foster","Noun"
585,"Thomson","Noun"
586,"Russell","Noun"
587,"Ali","Noun"
588,"Reid","Noun"
589,"Rathens","Noun"
590,"Rathen","Noun"
591,"Mason","Noun"
592,"Chapman","Noun"
593,"Powell","Noun"
594,"Owen","Noun"
595,"Ahmed","Noun"
596,"Gibson","Noun"
597,"Rogers","Noun"
598,"Webb","Noun"
599,"Holmes","Noun"
600,"Mills","Noun"
601,"Matthews","Noun"
602,"Hunt","Noun"
603,"Palmer","Noun"
604,"Lloyd","Noun"
605,"Kaur","Noun"
606,"Fisher","Noun"
607,"Ivanov","Noun"
608,"Smirnov","Noun"
609,"Vasilyev","Noun"
610,"Petrov","Noun"
611,"Kuznetsov","Noun"
612,"Mikhaylov","Noun"
613,"Pavlov","Noun"
614,"Semenov","Noun"
615,"Andreev","Noun"
616,"Alekseev","Noun"
